{
  "model_type": "full",
  "n_features": 18,
  "feature_names": [
    "gsr_phasic_peak_count",
    "gsr_phasic_peak_freq",
    "gsr_tonic_mean",
    "gsr_tonic_slope",
    "subject_norm_gsr_z",
    "skin_temp_mean",
    "skin_temp_derivative",
    "subject_norm_st_z",
    "acc_svm_mean",
    "acc_svm_std",
    "acc_svm_max",
    "acc_svm_above_threshold_ratio",
    "condition_lpe",
    "condition_hpe",
    "session_elapsed_ratio",
    "gaze_off_task_ratio",
    "performance_failure_rate",
    "engagement_class_mode"
  ],
  "coef": [
    0.057755240942300085,
    0.05775524094229646,
    0.3125119704555014,
    0.15141312974445525,
    -0.7008693497959165,
    0.3434754203008378,
    -0.0014878263081762578,
    0.343475420300836,
    -0.14400879769033814,
    -1.245596323460058,
    0.3316084599873519,
    0.2135448640442806,
    2.0165878353650832,
    3.0385252566125827,
    0.029539654069431393,
    0.8171498598112851,
    -0.6659217059037514,
    -0.8357867943932199
  ],
  "intercept": -0.34238289846040404,
  "scaler_mean": [
    6.68039573493559,
    13.36079146987118,
    1.098392839622709,
    0.0035867476983417637,
    0.46946640077474844,
    31.952575615033975,
    0.0020000163663706225,
    0.1143169118940469,
    69.81608426045413,
    18.165154994664338,
    167.5543166914545,
    0.021198027860777225,
    0.2566744928747452,
    0.5335694095642791,
    0.5614203585125446,
    0.06004009279225624,
    0.9416766514879182,
    1.5164891789455266
  ],
  "scaler_std": [
    4.445091592470791,
    8.890183184941582,
    2.1350403561923015,
    0.03638707437615408,
    1.9040153921439371,
    1.5257585119854429,
    0.008664605015785342,
    0.8442112106986247,
    8.068725937367695,
    12.319444462802734,
    52.40555115354155,
    0.03208854392440213,
    0.43349236693964965,
    0.49597986789204473,
    0.42196757177280975,
    0.13828990564978874,
    0.18254262812527008,
    0.6917097649088348
  ]
}