{
  "model_type": "wearable",
  "n_features": 15,
  "feature_names": [
    "gsr_phasic_peak_count",
    "gsr_phasic_peak_freq",
    "gsr_tonic_mean",
    "gsr_tonic_slope",
    "subject_norm_gsr_z",
    "skin_temp_mean",
    "skin_temp_derivative",
    "subject_norm_st_z",
    "acc_svm_mean",
    "acc_svm_std",
    "acc_svm_max",
    "acc_svm_above_threshold_ratio",
    "condition_lpe",
    "condition_hpe",
    "session_elapsed_ratio"
  ],
  "coef": [
    0.0076010248757465435,
    0.007601024875741564,
    -0.11623307740610386,
    0.18302457022589017,
    -0.5082961509410201,
    0.3271706344895728,
    -0.014057122092899074,
    0.3271706344895889,
    0.0715394042657743,
    -1.0587988295915993,
    0.4483331187993593,
    -0.25590265468684004,
    2.479014418624098,
    3.4214684908743482,
    0.041430688154890545
  ],
  "intercept": -0.5892539060199422,
  "scaler_mean": [
    6.681493545795477,
    13.362987091590954,
    1.1017982078291164,
    0.003488461543429042,
    0.4725157114228178,
    31.952740841362072,
    0.0020002318476092726,
    0.11440833259882521,
    69.81641328049723,
    18.164048196227647,
    167.55397374337244,
    0.02119922077847754,
    0.25818080673001886,
    0.5320630957090056,
    0.561693957234567
  ],
  "scaler_std": [
    4.445824643870346,
    8.891649287740693,
    2.136790734963894,
    0.03626095596889305,
    1.9053332182570029,
    1.5253487987654921,
    0.008664307657766407,
    0.8439845139502612,
    8.068319323623586,
    12.31960313613725,
    52.40548459754416,
    0.032080075556226315,
    0.43411381935222443,
    0.4958863662976376,
    0.4221755486486359
  ]
}