{
  "gsr_mean": 1.1240271552972723,
  "gsr_std": 1.386136091520368,
  "st_mean": 31.74596854896354,
  "st_std": 1.8073184679966587,
  "n_participants": 19,
  "computed_at": "2026-05-05T20:22:39.290062+00:00"
}