{
  "q10": 0.23713729678819978,
  "q25": 0.3614584014629205,
  "q50": 0.597555757168358,
  "q75": 0.814086889953715,
  "q90": 0.8834901992514775,
  "n_samples": 327,
  "model_version": "v1.0",
  "calibrated_at": "2026-05-06T20:20:25.242260+00:00"
}