{
  "q10": 0.17270601613413725,
  "q25": 0.3434854449022179,
  "q50": 0.6505858573039107,
  "q75": 0.8722674520626508,
  "q90": 0.9559951170730968,
  "n_samples": 327,
  "model_version": "v1.0",
  "calibrated_at": "2026-05-06T20:20:18.838131+00:00"
}